{
    "$schema": "https://schema.management.azure.com/schemas/2019-04-01/deploymentTemplate.json#",
    "contentVersion": "1.0.0.0",
    "parameters": {
        "location": {
            "type": "string",
            "defaultValue": "[resourceGroup().location]"
        },
        "dataFactoryName": {
            "type": "string",
            "defaultValue": "sammsadfv2-32"
        }
    },
    "variables": {
        "selfHostedIRName": "[uniqueString(resourceGroup().name,parameters('dataFactoryName'))]"
    },
    "resources": [
        {
            "name": "[parameters('dataFactoryName')]",
            "type": "Microsoft.DataFactory/factories",
            "apiVersion": "2018-06-01",
            "location": "[parameters('location')]",
            "tags": {
            },
            "properties": {
            },
            "dependsOn": [
            ]
        },
        {
            "name": "[concat(parameters('dataFactoryName'),'/',variables('selfHostedIRName'))]",
            "type": "Microsoft.DataFactory/factories/integrationRuntimes",
            "apiVersion": "2018-06-01",
            "properties": {
                "type": "SelfHosted"
            },
            "dependsOn": [
                "[parameters('dataFactoryName')]"
            ]
        }
    ],
    "outputs": {
        "IntegrationRuntime": {
            "type": "string",
            "value":"[variables('selfHostedIRName')]"
        }
    }
}
