{
    "$schema": "https://schema.management.azure.com/schemas/2019-04-01/deploymentParameters.json#",
    "contentVersion": "1.0.0.0",
    "parameters": {
        "subnetName": {
            "value": "test-adf-sbt" 
        },
        "virtualNetworkName": {
            "value": "test-vnet" 
        },
        "networkResourceGroupName": {
            "value":"Test-network-rg"
        },
        "virtualMachineName": {
            "value": "Ir1" 
        },
        "selfHostedIRName": {
            "value": "ADF DEPLOYMENT OUTPUT" 
        },

        "virtualMachineSize": {
            "value": "Standard_F4s_v2" 
        },
        "imageName":{
            "value": "windows2016"
        },
        "adminUsername": {
            "value": "adminuser" 
        },
        "adminPassword": {
            "value": "P@ssword1234567!!" 
        },
        "dataFactoryName": {
            "value": "poctestadfv2-32" 
        },
        "storageAccount":{
            "value": "STORAGEDEPLOYMENTACCOUNT"
        },
        "installContainer":{
            "value": "scripts"
        },
        "installScript": {
            "value": "irInstall.ps1" 
        }
    }
}