{
    "$schema": "https://schema.management.azure.com/schemas/2019-04-01/deploymentTemplate.json#",
    "contentVersion": "1.0.0.0",
    "parameters": {
        "location": {
            "type": "string",
            "defaultValue": "[resourceGroup().location]"
        },
        "subnetName": {
            "type": "string"
        },
        "networkResourceGroupName": {
            "type": "string"
        },
        "virtualNetworkName": {
            "type": "string"
        },
        "virtualMachineName": {
            "type": "string"
        },
        "dataFactoryName": {
            "type": "string"
        },
        "imageName": {
            "type": "string"
        },
        "virtualMachineSize": {
            "type": "string"
        },
        "selfHostedIRName": {
            "type": "string"
        },
        "adminUsername": {
            "type": "string"
        },
        "adminPassword": {
            "type": "securestring"
        },
        "storageSubscriptionId": {
            "type": "string",
            "defaultValue":"[subscription().subscriptionId]"
        },
        "storageResourceGroup": {
            "type": "string",
            "defaultValue":"[resourceGroup().name]"
        },
        "storageAccount": {
            "type": "string"
        },
        "installContainer": {
            "type": "string"
        },
        "installScript": {
            "type": "string"
        }

    },
    "variables": {
        "datafactoryId": "[resourceId('Microsoft.DataFactory/factories/integrationruntimes', parameters('dataFactoryName'), parameters('selfHostedIRName'))]",
        "networkInterfaceName": "[concat(parameters('virtualMachineName'),'-nic01')]",
        "subnetRef": "[resourceId(parameters('networkResourceGroupName'),'Microsoft.Network/virtualNetworks/subnets', parameters('virtualNetworkName'), parameters('subnetname'))]",
        "imageId": {
            "publisher": "MicrosoftWindowsServer",
            "offer": "WindowsServer",
            "sku": "2016-Datacenter",
            "version": "latest"
        }
    },
    "resources": [
        {
            "name": "[variables('networkInterfaceName')]",
            "type": "Microsoft.Network/networkInterfaces",
            "apiVersion": "2020-03-01",
            "location": "[parameters('location')]",
            "dependsOn": [],
            "properties": {
                "ipConfigurations": [
                    {
                        "name": "ipconfig1",
                        "properties": {
                            "subnet": {
                                "id": "[variables('subnetRef')]"
                            },
                            "privateIPAllocationMethod": "Dynamic"
                        }
                    }
                ]
            },
            "tags": {
                "ApplicationId": "AD123456"
            }
        },
        {
            "name": "[parameters('virtualMachineName')]",
            "type": "Microsoft.Compute/virtualMachines",
            "apiVersion": "2019-07-01",
            "location": "[parameters('location')]",
            "dependsOn": [
                "[concat('Microsoft.Network/networkInterfaces/', variables('networkInterfaceName'))]"
            ],
            "properties": {
                "hardwareProfile": {
                    "vmSize": "[parameters('virtualMachineSize')]"
                },
                "storageProfile": {
                    "osDisk": {
                        "createOption": "fromImage"

                    },
                    "imageReference": {
                        "publisher": "MicrosoftWindowsServer",
                        "offer": "WindowsServer",
                        "sku": "2016-Datacenter",
                        "version": "latest"
                    }
                },
                "networkProfile": {
                    "networkInterfaces": [
                        {
                            "id": "[resourceId('Microsoft.Network/networkInterfaces', variables('networkInterfaceName'))]"
                        }
                    ]
                },
                "osProfile": {
                    "computerName": "[parameters('virtualMachineName')]",
                    "adminUsername": "[parameters('adminUsername')]",
                    "adminPassword": "[parameters('adminPassword')]",
                    "windowsConfiguration": {
                        "enableAutomaticUpdates": true,
                        "provisionVmAgent": true
                    }
                }
            },
            "tags": {
                "ApplicationId": "AD123456"
            }
        },
        {
            "type": "Microsoft.Compute/virtualMachines/extensions",
            "name": "[concat(parameters('virtualMachineName'),'/IntegrationRuntime')]",
            "apiVersion": "2019-07-01",
            "location": "[resourceGroup().location]",
            "dependsOn": [
                "[concat('Microsoft.Compute/virtualMachines/', parameters('virtualMachineName'))]"
            ],
            "properties": {
                "publisher": "Microsoft.Compute",
                "type": "CustomScriptExtension",
                "typeHandlerVersion": "1.9",
                "autoUpgradeMinorVersion": true,
                "settings": {

                },
                "protectedSettings": {
                    "fileUris": [ "[concat('https://',parameters('storageAccount'),'.blob.core.windows.net/',parameters('installContainer'),'/',parameters('installScript'))]" ],
                    "commandToExecute": "[concat('powershell.exe -ExecutionPolicy Unrestricted -File  ',parameters('installScript'),' ',listAuthKeys(variables('datafactoryId'), '2017-09-01-preview').authKey1)]",
                    "storageAccountName": "[parameters('storageAccount')]",
                    "storageAccountKey": "[listKeys(resourceId(parameters('storageSubscriptionId'),parameters('storageResourceGroup'),'Microsoft.Storage/storageAccounts', parameters('storageAccount')), providers('Microsoft.Storage', 'storageAccounts').apiVersions[0]).keys[0].value]"
                }
            }
        }
    ],
    "outputs": {
    }
}
